,VEI,MER_kg/s,HeightPercentile_5,Uncertainty_Lower_5,Uncertainty_Upper_5,HeightPercentile_25,Uncertainty_Lower_25,Uncertainty_Upper_25,HeightPercentile_50,Uncertainty_Lower_50,Uncertainty_Upper_50,HeightPercentile_75,Uncertainty_Lower_75,Uncertainty_Upper_75,HeightPercentile_95,Uncertainty_Lower_95,Uncertainty_Upper_95,Best_Height_Estimate_km,Best_Height_Estimate_km_Uncertainty,Duration_hr_P5,Duration_hr_P25,Duration_hr_P50,Duration_hr_P75,Duration_hr_P95,Duration_hr_best_estimate,Duration_hr_best_estimate_Uncertainty,MASS_FRACTION_ASH_BELOW_63_micron_Percentile_5,MASS_FRACTION_ASH_BELOW_63_micron_Percentile_25,MASS_FRACTION_ASH_BELOW_63_micron_Percentile_50,MASS_FRACTION_ASH_BELOW_63_micron_Percentile_75,MASS_FRACTION_ASH_BELOW_63_micron_Percentile_95
0,2,2356004.493507403,8.879989575805126,0.2938214858569323,0.29712196038551186,9.111411665138741,0.29767322485057124,0.2980982349791485,9.281694861835053,0.2986206663898888,0.29896717554410845,9.4565608466045,0.2994930879155504,0.29988517754635974,9.701671948493086,0.3004861493314585,0.3045299883985654,0.8216823726879596,1.3916205551198537,9.697413664498807,8.238385887066197,7.3381082145273195,6.548808846345508,5.527220272531921,12.85305892546757,6.596794317718479,0.2966460977381575,0.29790930596577675,0.2987948022132453,0.29968734042522427,0.30096318368687264
1,3,58569065.61349128,15.946091231530955,1.5653234769268654,1.6020075623830097,16.660108929660076,1.608855084079593,1.6135813103521162,17.161960406554524,1.619678394469205,1.6234851999377509,17.683022340489803,1.6296207828230835,1.6344996102816245,18.46292753959523,1.6409121274724172,1.6790122500373073,2.516836308064276,3.9282264526852515,26.406887606263332,19.794934343101506,16.192162872673403,13.222836376123913,9.822467187015429,15.640027234396946,5.875602313234533,1.5964573331967378,1.6113374516608652,1.6215426937054631,1.6319965790474777,1.646601963629431
