MER_kg/s,HeightPercentile_5,HeightPercentile_10,HeightPercentile_15,HeightPercentile_20,HeightPercentile_25,HeightPercentile_30,HeightPercentile_35,HeightPercentile_40,HeightPercentile_45,HeightPercentile_50,HeightPercentile_55,HeightPercentile_60,HeightPercentile_65,HeightPercentile_70,HeightPercentile_75,HeightPercentile_80,HeightPercentile_85,HeightPercentile_90,HeightPercentile_95,90%_interpercentile_Height_range_km
263734738.33931884,20.915369546884616,21.331429911766858,21.613819391639456,21.84697161894229,22.059057606035502,22.246575114862893,22.42380470257502,22.583176414439016,22.732436772142417,22.895094282778047,23.057808700834116,23.210689842837628,23.38711907299264,23.556670431727383,23.74006439707223,23.975066627420354,24.233408623387593,24.544383099325774,25.03701982289551,4.121650276010893
1416005871.0960913,28.241585300901246,28.951933087831016,29.411540437974523,29.81827314889459,30.17056664361438,30.480590876761344,30.77094562365109,31.029135834526937,31.30713665639755,31.583727871348618,31.858484018109245,32.126472858206355,32.40471585358821,32.70933202652877,33.02066981132512,33.41823569886797,33.88019987500591,34.44034604949838,35.25366217166669,7.012076870765444
7603738971.918003,38.076355785647905,39.26713707196505,39.99457973600822,40.69399355593317,41.25235061535111,41.75617598951781,42.22386736536354,42.63804386288488,43.11619637338617,43.57611610958067,44.022723092844224,44.45889992344718,44.9396743140395,45.43292225100868,45.952392748571384,46.6053622940062,47.372896412347515,48.301665797482215,49.73164840773057,11.655292622082662
40872184089.89184,51.3755789018824,53.28261213731151,54.40690431501138,55.48377603870605,56.42732532401312,57.19328215742592,57.92714138033494,58.647136971993596,59.37024344739864,60.10179441562113,60.85501749374209,61.544014895480494,62.33085820499958,63.09128261246717,63.932873853739785,65.03316438470173,66.27556073642538,67.81830086317025,70.11745295185922,18.741874049976822
